,
Alejandra Guzmán,@Al3jandraGuzman
Alejandro Sanz,@AlejandroSanz
Carlos Baute,@carlosbaute
Carlos PenaVega,@TheCarlosPena
Carlos Vives,@carlosvives
Chino y Nacho,@ChinoyNacho
Daddy Yankee,@daddy_yankee
David Bisbal,@davidbisbal
Dulce Maria,@DulceMaria
Ednita Nazario,@EdnitaNazario
Elvis Crespo,@ElvisCrespo
Emilio Estefan,@EmilioEstefanJr
Enrique Iglesias,@enriqueiglesias
Fanny Lu,@FannyLu
Fonseca,@Fonseca
Gaby Moreno,@gaby_moreno
Gaby Natale,@GabyNatale
Gerardo Ortiz,@gerardoortiznet
Gloria Estefan,@GloriaEstefan
GloriaTrevi,@GloriaTrevi
J Alvarez Flow,@JAlvarezFlow
JUANES,@juanes
Joey Montana,@JoeyMontanaT
Latin GRAMMYs,@LatinGRAMMYs
Laura Pausini,@LauraPausini
Lucero,@LuceroMexico
Luis Enrique,@LuisEnrique
Maná,@manaoficial
Marc Anthony,@MarcAnthony
Marco Antonio Solís,@MarcoASolis
Natalia Jiménez,@NataliaJimenez
Noel Schajris,@NoelSchajris
Oscar D' Leon,@OscarDLeon
Pitbull,@pitbull
Prince Royce,@PrinceRoyce
RKM & KEN-Y official,@rkmykeny
Reik,@ReikMx
Ricky Martin,@ricky_martin
Thalia,@thalia
Tommy Torres,@Tommy_Torres
VictorManuelle,@VictorManuelle
Wisin Y Yandel,@wisinyyandel
Yandel,@yandeloficial
