Art & Culture,686639666771046413,Photography
Art & Culture,686639666771046416,Art
Art & Culture,686639666771046426,Literature
Art & Culture,686639666779394052,Interesting Pictures
Art & Culture,686639666779394062,Design &amp; Architecture
Art & Culture,695727475041513472,Black Community
Entertainment,686639666771046401,Reality TV
Entertainment,686639666771046430,Industry News
Entertainment,686639666779394053,TV Stars
Entertainment,686639666779394064,Cute animals
Entertainment,686639666779394075,Actors &amp; Actresses
Entertainment,686639666779426828,Celebrity News
Entertainment,686639666779426832,Humor
Entertainment,690676000410079233,Digital Creators
Entertainment,690676292044238848,Movies
Entertainment,690705113053208576,TV Shows
Gaming,686639666771046424,Celebrity Gamers
Gaming,692742137079660545,Games
Gaming,692750422222569473,Gaming News
Gaming,692752501334867970,eSports
Government & Politics,692841134482063360,#Election2016
Government & Politics,692842953329356800,United States Cabinet
Government & Politics,694260791474688000,Gov Officials &amp; Agencies
Government & Politics,720650898469425152,National Park Week
Government & Politics,720652576828583936,#FindYourPark
Lifestyle,686639666771046420,Parenting
Lifestyle,686639666771046425,Car Culture
Lifestyle,686639666771046428,Food &amp; Drink
Lifestyle,686639666779426823,DIY &amp; Home
Lifestyle,686639666779426829,Fitness &amp; Wellness
Lifestyle,686639666779426844,Travel
Lifestyle,692079086844276736,Fashion &amp; Beauty
Lifestyle,692079342394822656,Lifestyle Personalities
Musics,686639666771046419,Metal
Musics,686639666779394067,Classic Rock
Musics,686639666779394077,Country
Musics,686639666779426818,Dance/Electronic
Musics,686639666779426822,Hip-Hop/Rap
Musics,686639666779426836,R&amp;B/Soul
Musics,686639666779426837,Pop
Musics,686639666779426841,Latino Music
Musics,691764086166564864,Rock/Alt
Musics,691776475112931328,Indie/Experimental
News,686639666771046409,Weather
News,686639666779394056,Business &amp; Finance News
News,686639666779394063,Journalists
News,686639666779426849,US &amp; World News
News,692842052380282884,Political News
News,692843232867123200,Opinion News
Nonprofits,692839630626881536,Nonprofits &amp; Foundations
Nonprofits,697900924883173377,Humanitarian
Sports,686639666771046403,MLB
Sports,686639666771046410,College Football
Sports,686639666771046414,NFL
Sports,686639666771046415,Soccer
Sports,686639666771046421,College Basketball
Sports,686639666771046427,Golf
Sports,686639666779394066,WWE
Sports,686639666779394074,NBA
Sports,686639666779426826,NASCAR
Sports,686639666779426833,NHL
Sports,686639666779426834,MMA
Sports,691684812847869952,Sports Commentary
Sports,694295553039949824,Tennis
Sports,694307313658691588,Fitness
Technology and Science,686639666771046407,Tech News
Technology and Science,686639666779394048,Space
Technology and Science,686639666779394078,Science
Technology and Science,686639666779426825,Tech Influencers
